{"loss": [15.459348678588867, 13.150815963745117, 12.305964469909668, 11.528451919555664, 10.855586051940918, 10.266307830810547, 9.815546035766602, 9.215452194213867, 8.862693786621094, 8.361340522766113, 7.981884002685547, 7.632523059844971, 7.301304340362549, 6.858152866363525, 6.644556045532227, 6.303035259246826, 6.054337501525879, 5.704485893249512, 5.490738868713379, 5.3038554191589355, 5.085110187530518, 4.883263111114502, 4.6095805168151855, 4.399188995361328, 4.241991996765137, 4.025681495666504, 3.954603433609009, 3.75186824798584, 3.600454330444336, 3.5067412853240967, 3.3619396686553955, 3.2473561763763428, 3.193702220916748, 3.0854430198669434, 2.9849839210510254, 2.8866400718688965, 2.7878124713897705, 2.7656309604644775, 2.6495821475982666, 2.6067044734954834, 2.4497604370117188, 2.4506571292877197, 2.402470827102661, 2.363114595413208, 2.271461248397827, 2.2373030185699463, 2.1949541568756104, 2.17285418510437, 2.101764440536499, 2.0929818153381348, 2.012450933456421, 2.027843475341797, 1.982801914215088, 1.937078595161438, 1.8701204061508179, 1.8751418590545654, 1.8448773622512817, 1.8330910205841064, 1.771357536315918], "accuracy": [0.693429708480835, 0.7823793888092041, 0.8014585971832275, 0.8189099431037903, 0.8339519500732422, 0.8417659401893616, 0.8493195176124573, 0.8612359166145325, 0.8618219494819641, 0.8696359992027283, 0.8736081123352051, 0.8774500489234924, 0.8808361291885376, 0.8913199305534363, 0.8926873803138733, 0.8974409103393555, 0.9016734957695007, 0.9061665534973145, 0.9092921614646912, 0.9126131534576416, 0.9143061637878418, 0.9195155501365662, 0.9238132238388062, 0.9280458688735962, 0.9309760928153992, 0.9352086782455444, 0.9335156679153442, 0.9379436373710632, 0.9446506500244141, 0.9437389969825745, 0.9464088082313538, 0.9486879110336304, 0.9495344161987305, 0.9501204490661621, 0.949469268321991, 0.9569577574729919, 0.958325207233429, 0.9559158682823181, 0.9609949588775635, 0.9585205316543579, 0.9671159982681274, 0.9650973677635193, 0.9649019837379456, 0.9630135893821716, 0.9666601419448853, 0.9682880640029907, 0.9679625034332275, 0.9680927395820618, 0.9717392921447754, 0.9688090085983276, 0.972520649433136, 0.9694601893424988, 0.9722602367401123, 0.9735625386238098, 0.975060224533081, 0.9748649001121521, 0.9738881587982178, 0.975060224533081, 0.9773393273353577], "val_loss": [8.685985565185547, 8.38120174407959, 8.076385498046875, 7.771661758422852, 7.4525017738342285, 7.146773338317871, 6.853527069091797, 6.559573173522949, 6.273498058319092, 6.003345012664795, 5.739604949951172, 5.48771333694458, 5.277434825897217, 5.055356502532959, 4.849219799041748, 4.657624244689941, 4.479438781738281, 4.294736862182617, 4.122251510620117, 3.9800074100494385, 3.837562322616577, 3.710289716720581, 3.5784387588500977, 3.4570260047912598, 3.341721534729004, 3.241137981414795, 3.1607019901275635, 3.0591845512390137, 2.9620633125305176, 2.8953003883361816, 2.824909210205078, 2.7598509788513184, 2.7153983116149902, 2.6400256156921387, 2.5884435176849365, 2.515172004699707, 2.4549875259399414, 2.4179530143737793, 2.3774399757385254, 2.3361849784851074, 2.2883968353271484, 2.2537784576416016, 2.218977451324463, 2.188765287399292, 2.1491165161132812, 2.1402587890625, 2.113720417022705, 2.0801005363464355, 2.0662410259246826, 2.0392227172851562, 2.018444061279297, 2.000739097595215, 1.9837901592254639, 1.959969401359558, 1.9325071573257446, 1.9378260374069214, 1.9140784740447998, 1.8960992097854614, 1.8684122562408447], "val_accuracy": [0.8096075057983398, 0.8219097852706909, 0.8312829732894897, 0.8400703072547913, 0.8476859927177429, 0.8512009382247925, 0.8482718467712402, 0.8570591807365417, 0.8582308292388916, 0.8553016781806946, 0.862917423248291, 0.8635032176971436, 0.8535442352294922, 0.8588166236877441, 0.8623315691947937, 0.8588166236877441, 0.8541300296783447, 0.8623315691947937, 0.8646748661994934, 0.8640890717506409, 0.8635032176971436, 0.8705331087112427, 0.8746338486671448, 0.8705331087112427, 0.8699472546577454, 0.8717047572135925, 0.8693614602088928, 0.8687756061553955, 0.8699472546577454, 0.8717047572135925, 0.8740480542182922, 0.8705331087112427, 0.8722905516624451, 0.8722905516624451, 0.8717047572135925, 0.8728764057159424, 0.8769771456718445, 0.8775629997253418, 0.8746338486671448, 0.8687756061553955, 0.8705331087112427, 0.8728764057159424, 0.8799062967300415, 0.8822495341300964, 0.8769771456718445, 0.8711189031600952, 0.8711189031600952, 0.8740480542182922, 0.8740480542182922, 0.8722905516624451, 0.8728764057159424, 0.8676039576530457, 0.8746338486671448, 0.8699472546577454, 0.8740480542182922, 0.8640890717506409, 0.8728764057159424, 0.868189811706543, 0.8693614602088928]}